[{"id":"user-image-WhatsAppImage2025-06-08at10.40.47AM1.jpeg","publicUrl":"np://user.desktop.nicepage.com/Site_97933293/images/WhatsAppImage2025-06-08at10.40.47AM1.jpeg","size":27570,"hash":"G1a2yuEu+B0aZlNywuDjaO8dfRo=","fileName":"WhatsAppImage2025-06-08at10.40.47AM1.jpeg","name":"WhatsAppImage2025-06-08at10.40.47AM1","width":735,"height":490,"thumbnail":{"url":"np://user.desktop.nicepage.com/Site_97933293/images/thumbnails/WhatsAppImage2025-06-08at10.40.47AM1.jpeg","width":250,"height":167},"folderId":null,"usages":["399217257","41598176"]},{"id":"user-image-WhatsAppImage2025-06-08at1.25.43PM.jpeg","publicUrl":"np://user.desktop.nicepage.com/Site_97933293/images/WhatsAppImage2025-06-08at1.25.43PM.jpeg","size":25863,"hash":"lRLz9ckzRV0pOApRmaDdZkHchaM=","fileName":"WhatsAppImage2025-06-08at1.25.43PM.jpeg","name":"WhatsAppImage2025-06-08at1.25.43PM","width":652,"height":409,"thumbnail":{"url":"np://user.desktop.nicepage.com/Site_97933293/images/thumbnails/WhatsAppImage2025-06-08at1.25.43PM.jpeg","width":250,"height":157},"folderId":null,"usages":["1019423345","41598176"]},{"id":"user-image-WhatsAppImage2025-06-08at1.25.43PM1.jpeg","publicUrl":"np://user.desktop.nicepage.com/Site_97933293/images/WhatsAppImage2025-06-08at1.25.43PM1.jpeg","size":37897,"hash":"TE3hFVaF4agOs5ukAx1e6GajEaw=","fileName":"WhatsAppImage2025-06-08at1.25.43PM1.jpeg","name":"WhatsAppImage2025-06-08at1.25.43PM1","width":735,"height":490,"thumbnail":{"url":"np://user.desktop.nicepage.com/Site_97933293/images/thumbnails/WhatsAppImage2025-06-08at1.25.43PM1.jpeg","width":250,"height":167},"folderId":null,"usages":["1019423345","41598176"]},{"id":"user-image-WhatsAppImage2025-06-08at1.25.42PM.jpeg","publicUrl":"np://user.desktop.nicepage.com/Site_97933293/images/WhatsAppImage2025-06-08at1.25.42PM.jpeg","size":30880,"hash":"UeSBB8MZ6U/Sywo236y3mI7S0iw=","fileName":"WhatsAppImage2025-06-08at1.25.42PM.jpeg","name":"WhatsAppImage2025-06-08at1.25.42PM","width":735,"height":500,"thumbnail":{"url":"np://user.desktop.nicepage.com/Site_97933293/images/thumbnails/WhatsAppImage2025-06-08at1.25.42PM.jpeg","width":250,"height":170},"folderId":null,"usages":["1019423345","41598176"]},{"id":"user-image-WhatsAppImage2025-06-08at10.40.48AM2.jpeg","publicUrl":"np://user.desktop.nicepage.com/Site_97933293/images/WhatsAppImage2025-06-08at10.40.48AM2.jpeg","size":60689,"hash":"xibxVR+HVlyjEbr1bomW2MifBEs=","fileName":"WhatsAppImage2025-06-08at10.40.48AM2.jpeg","name":"WhatsAppImage2025-06-08at10.40.48AM2","width":736,"height":736,"thumbnail":{"url":"np://user.desktop.nicepage.com/Site_97933293/images/thumbnails/WhatsAppImage2025-06-08at10.40.48AM2.jpeg","width":250,"height":250},"folderId":null,"usages":["1019423345","41598176"]},{"id":"user-image-WhatsAppImage2025-06-08at10.40.48AM1.jpeg","publicUrl":"np://user.desktop.nicepage.com/Site_97933293/images/WhatsAppImage2025-06-08at10.40.48AM1.jpeg","size":21640,"hash":"QHXUd4jXv16rtheV2tlfmfMAL4A=","fileName":"WhatsAppImage2025-06-08at10.40.48AM1.jpeg","name":"WhatsAppImage2025-06-08at10.40.48AM1","width":417,"height":626,"thumbnail":{"url":"np://user.desktop.nicepage.com/Site_97933293/images/thumbnails/WhatsAppImage2025-06-08at10.40.48AM1.jpeg","width":167,"height":250},"folderId":null,"usages":["1019423345","41598176"]},{"id":"user-image-WhatsAppImage2025-06-08at10.40.48AM.jpeg","publicUrl":"np://user.desktop.nicepage.com/Site_97933293/images/WhatsAppImage2025-06-08at10.40.48AM.jpeg","size":35801,"hash":"onwDN7a0oZJf9X83456hWYHCY7Q=","fileName":"WhatsAppImage2025-06-08at10.40.48AM.jpeg","name":"WhatsAppImage2025-06-08at10.40.48AM","width":736,"height":490,"thumbnail":{"url":"np://user.desktop.nicepage.com/Site_97933293/images/thumbnails/WhatsAppImage2025-06-08at10.40.48AM.jpeg","width":250,"height":166},"folderId":null,"usages":["1019423345","41598176"]},{"id":"user-image-WhatsAppImage2025-06-08at10.40.47AM.jpeg","publicUrl":"np://user.desktop.nicepage.com/Site_97933293/images/WhatsAppImage2025-06-08at10.40.47AM.jpeg","size":49078,"hash":"G1Y2QcHI5Oe30ACPy6VhV8OtN8c=","fileName":"WhatsAppImage2025-06-08at10.40.47AM.jpeg","name":"WhatsAppImage2025-06-08at10.40.47AM","width":735,"height":532,"thumbnail":{"url":"np://user.desktop.nicepage.com/Site_97933293/images/thumbnails/WhatsAppImage2025-06-08at10.40.47AM.jpeg","width":250,"height":181},"folderId":null,"usages":["1019423345"]},{"id":"user-image-WhatsAppImage2025-06-08at9.01.06AM.jpeg","publicUrl":"np://user.desktop.nicepage.com/Site_97933293/images/WhatsAppImage2025-06-08at9.01.06AM.jpeg","size":25275,"hash":"fyVULrnRDwDv7kFXw0NRfp+jRs4=","fileName":"WhatsAppImage2025-06-08at9.01.06AM.jpeg","name":"WhatsAppImage2025-06-08at9.01.06AM","width":607,"height":1080,"thumbnail":{"url":"np://user.desktop.nicepage.com/Site_97933293/images/thumbnails/WhatsAppImage2025-06-08at9.01.06AM.jpeg","width":141,"height":250},"folderId":null,"usages":["1019423345"]},{"id":"user-image-WhatsAppImage2025-06-07at9.21.43PM.jpeg","publicUrl":"np://user.desktop.nicepage.com/Site_97933293/images/WhatsAppImage2025-06-07at9.21.43PM.jpeg","size":50285,"hash":"jiBDMTiO+S4NcYLLvxM/7JThBjA=","fileName":"WhatsAppImage2025-06-07at9.21.43PM.jpeg","name":"WhatsAppImage2025-06-07at9.21.43PM","width":736,"height":490,"thumbnail":{"url":"np://user.desktop.nicepage.com/Site_97933293/images/thumbnails/WhatsAppImage2025-06-07at9.21.43PM.jpeg","width":250,"height":166},"folderId":null,"usages":["399217257"]},{"id":"user-image-texture-min.png","publicUrl":"np://user.desktop.nicepage.com/Site_97933293/images/texture-min.png","size":1003,"hash":"ZkAUCzMRAEUcYlEXK6SZenAIymY=","fileName":"texture-min.png","name":"texture-min","width":100,"height":60,"thumbnail":{"url":"np://user.desktop.nicepage.com/Site_97933293/images/thumbnails/texture-min.png","width":100,"height":60,"length":1003,"type":"png"},"folderId":null,"originalUrl":"//images03.nicepagecdn.com/c461c07a441a5d220e8feb1a/f82f15087c19565f99555fe5/texture-min.png","usages":["1019423345"]},{"id":"user-image-psicologo-psiquiatra-e-psicanalista-conheca-o-papel-de-cada-um14471.jpg","publicUrl":"np://user.desktop.nicepage.com/Site_97933293/images/psicologo-psiquiatra-e-psicanalista-conheca-o-papel-de-cada-um14471.jpg","size":439767,"hash":"pvDSTUy+I6jmqpXwUE2zASU4xYc=","fileName":"psicologo-psiquiatra-e-psicanalista-conheca-o-papel-de-cada-um14471.jpg","name":"psicologo-psiquiatra-e-psicanalista-conheca-o-papel-de-cada-um14471","width":1000,"height":667,"thumbnail":{"url":"np://user.desktop.nicepage.com/Site_97933293/images/thumbnails/psicologo-psiquiatra-e-psicanalista-conheca-o-papel-de-cada-um14471.jpg","width":250,"height":167},"folderId":null,"usages":["456204691"]},{"id":"user-image-psicologia-infantil.jpg","publicUrl":"np://user.desktop.nicepage.com/Site_97933293/images/psicologia-infantil.jpg","size":85868,"hash":"N8rEemuNMHG8Yls0Bq9KOwBHDqA=","fileName":"psicologia-infantil.jpg","name":"psicologia-infantil","width":1200,"height":675,"thumbnail":{"url":"np://user.desktop.nicepage.com/Site_97933293/images/thumbnails/psicologia-infantil.jpg","width":250,"height":141},"folderId":null,"usages":["202845040"]},{"id":"user-image-WhatsAppImage2025-06-05at12.04.25AM.jpeg","publicUrl":"np://user.desktop.nicepage.com/Site_97933293/images/WhatsAppImage2025-06-05at12.04.25AM.jpeg","size":33579,"hash":"5Q8n7yh49oPGF6H7QNag99VdZlg=","fileName":"WhatsAppImage2025-06-05at12.04.25AM.jpeg","name":"WhatsAppImage2025-06-05at12.04.25AM","width":735,"height":490,"thumbnail":{"url":"np://user.desktop.nicepage.com/Site_97933293/images/thumbnails/WhatsAppImage2025-06-05at12.04.25AM.jpeg","width":250,"height":167},"folderId":null,"usages":["41598176"]},{"id":"user-image-WhatsAppImage2025-06-04at11.29.09PM.jpeg","publicUrl":"np://user.desktop.nicepage.com/Site_97933293/images/WhatsAppImage2025-06-04at11.29.09PM.jpeg","size":34940,"hash":"veCij5p2DpdifT2RhTPHZIeHeEM=","fileName":"WhatsAppImage2025-06-04at11.29.09PM.jpeg","name":"WhatsAppImage2025-06-04at11.29.09PM","width":735,"height":490,"thumbnail":{"url":"np://user.desktop.nicepage.com/Site_97933293/images/thumbnails/WhatsAppImage2025-06-04at11.29.09PM.jpeg","width":250,"height":167},"folderId":null,"usages":["1019423345"]},{"id":"user-image-WhatsAppImage2025-06-04at7.34.08PM.jpeg","publicUrl":"np://user.desktop.nicepage.com/Site_97933293/images/WhatsAppImage2025-06-04at7.34.08PM.jpeg","size":69269,"hash":"TQyexScnjks8a+zC90/rLcInm3A=","fileName":"WhatsAppImage2025-06-04at7.34.08PM.jpeg","name":"WhatsAppImage2025-06-04at7.34.08PM","width":736,"height":1104,"thumbnail":{"url":"np://user.desktop.nicepage.com/Site_97933293/images/thumbnails/WhatsAppImage2025-06-04at7.34.08PM.jpeg","width":167,"height":250},"folderId":null,"usages":["41598176","399217257"]},{"id":"user-image-WhatsAppImage2025-06-04at5.03-Photoroom.png","publicUrl":"np://user.desktop.nicepage.com/Site_97933293/images/WhatsAppImage2025-06-04at5.03-Photoroom.png","size":164172,"hash":"zk0RNoNbv9Kt9Jea3mwz0KaUX90=","fileName":"WhatsAppImage2025-06-04at5.03-Photoroom.png","name":"WhatsAppImage2025-06-04at5.03-Photoroom","width":544,"height":459,"thumbnail":{"url":"np://user.desktop.nicepage.com/Site_97933293/images/thumbnails/WhatsAppImage2025-06-04at5.03-Photoroom.png","width":250,"height":211},"folderId":null,"usages":["399217257"]},{"id":"user-image-WhatsAppImage2025-05-18at6.16-Photoroom.png","publicUrl":"np://user.desktop.nicepage.com/Site_97933293/images/WhatsAppImage2025-05-18at6.16-Photoroom.png","size":236432,"hash":"bIKNIu9kjQeR+d9fZWKEqCtxeN8=","fileName":"WhatsAppImage2025-05-18at6.16-Photoroom.png","name":"WhatsAppImage2025-05-18at6.16-Photoroom","width":614,"height":657,"thumbnail":{"url":"np://user.desktop.nicepage.com/Site_97933293/images/thumbnails/WhatsAppImage2025-05-18at6.16-Photoroom.png","width":234,"height":250},"folderId":null,"usages":["41598176","399217257","1019423345"]}]