[{"id":217518507,"isFolder":true,"title":"Emocion_Vital","status":2,"order":null,"dateCreated":null,"dateUpdated":null,"folderId":null},{"id":96032666,"title":"Blog Template","order":1,"templateKey":"blog","customTemplate":false,"customTemplateFilename":null,"pageLinks":[],"dateCreated":"2025-06-04T19:32:49.237Z","dateUpdated":"2025-06-04T19:32:56.504Z","folderId":null,"pageName":"Blog Template","serverPageId":null,"sectionCount":1,"status":2,"backwardUrl":null},{"id":67540934,"title":"Post Template","order":2,"templateKey":"post","customTemplate":false,"customTemplateFilename":null,"pageLinks":[],"dateCreated":"2025-06-04T19:32:49.875Z","dateUpdated":"2025-06-04T19:32:56.505Z","folderId":null,"pageName":"Post Template","serverPageId":null,"sectionCount":1,"status":2,"backwardUrl":null},{"id":859801798,"title":"Product List Template","order":3,"templateKey":"products","customTemplate":false,"customTemplateFilename":null,"pageLinks":[],"dateCreated":"2025-06-04T19:32:50.708Z","dateUpdated":"2025-06-04T19:32:56.506Z","folderId":null,"pageName":"Product List Template","serverPageId":null,"sectionCount":1,"status":2,"backwardUrl":null},{"id":261488450,"title":"Product Details Template","order":4,"templateKey":"product","customTemplate":false,"customTemplateFilename":null,"pageLinks":[],"dateCreated":"2025-06-04T19:32:51.292Z","dateUpdated":"2025-06-04T19:32:56.506Z","folderId":null,"pageName":"Product Details Template","serverPageId":null,"sectionCount":1,"status":2,"backwardUrl":null},{"id":214241632,"title":"Shopping Cart Template","order":5,"templateKey":"cart","customTemplate":false,"customTemplateFilename":null,"pageLinks":[],"dateCreated":"2025-06-04T19:32:51.750Z","dateUpdated":"2025-06-04T19:32:56.506Z","folderId":null,"pageName":"Shopping Cart Template","serverPageId":null,"sectionCount":1,"status":2,"backwardUrl":null},{"id":189410026,"title":"Checkout Template","order":6,"templateKey":"checkout","customTemplate":false,"customTemplateFilename":null,"pageLinks":[],"dateCreated":"2025-06-04T19:32:52.366Z","dateUpdated":"2025-06-04T19:32:56.507Z","folderId":null,"pageName":"Checkout Template","serverPageId":null,"sectionCount":1,"status":2,"backwardUrl":null},{"id":2551801266,"title":"Login Template","order":7,"templateKey":"login","customTemplate":false,"customTemplateFilename":null,"pageLinks":[],"dateCreated":"2025-06-04T19:32:52.711Z","dateUpdated":"2025-06-04T19:32:56.507Z","folderId":null,"pageName":"Login Template","serverPageId":null,"sectionCount":1,"status":2,"backwardUrl":null},{"id":63189185,"title":"Search Page Template","order":8,"templateKey":"Search","customTemplate":false,"customTemplateFilename":null,"pageLinks":[],"dateCreated":"2025-06-04T19:32:53.000Z","dateUpdated":"2025-06-04T19:32:56.507Z","folderId":null,"pageName":"Search Page Template","serverPageId":null,"sectionCount":1,"status":2,"backwardUrl":null},{"id":211535192,"title":"Page Password Template","order":9,"templateKey":"password","customTemplate":false,"customTemplateFilename":null,"pageLinks":[],"dateCreated":"2025-06-04T19:32:53.301Z","dateUpdated":"2025-06-04T19:32:56.508Z","folderId":null,"pageName":"Page Password Template","serverPageId":null,"sectionCount":1,"status":2,"backwardUrl":null},{"id":251227334,"title":"404 Not Found Template","order":10,"templateKey":"404","customTemplate":false,"customTemplateFilename":null,"pageLinks":[],"dateCreated":"2025-06-04T19:32:53.546Z","dateUpdated":"2025-06-04T19:32:56.509Z","folderId":null,"pageName":"404 Not Found Template","serverPageId":null,"sectionCount":1,"status":2,"backwardUrl":null},{"id":41978110,"title":"Thank You Page Template","order":11,"templateKey":"ThankYou","customTemplate":false,"customTemplateFilename":null,"pageLinks":[],"dateCreated":"2025-06-04T19:32:53.801Z","dateUpdated":"2025-06-04T19:32:56.509Z","folderId":null,"pageName":"Thank You Page Template","serverPageId":null,"sectionCount":1,"status":2,"backwardUrl":null},{"id":41598176,"title":"Contactanos","order":104,"templateKey":null,"customTemplate":false,"customTemplateFilename":null,"pageLinks":["399217257","1019423345","456204691","41598176"],"dateCreated":"2025-06-05T03:59:17.878Z","dateUpdated":"2025-06-08T23:57:26.267Z","folderId":217518507,"pageName":"Contactanos_41598176","serverPageId":null,"sectionCount":6,"status":2,"backwardUrl":null},{"id":202845040,"title":"Registro","order":105,"templateKey":null,"customTemplate":false,"customTemplateFilename":null,"pageLinks":["456204691","1019423345"],"dateCreated":"2025-06-05T04:04:50.228Z","dateUpdated":"2025-06-08T22:33:04.457Z","folderId":217518507,"pageName":"Registro_202845040","serverPageId":null,"sectionCount":1,"status":2,"backwardUrl":null},{"id":456204691,"title":"Inicio Sesion","order":106,"templateKey":null,"customTemplate":false,"customTemplateFilename":null,"pageLinks":["1019423345","202845040"],"dateCreated":"2025-06-05T03:06:42.959Z","dateUpdated":"2025-06-09T00:35:58.193Z","folderId":217518507,"pageName":"Inicio Sesion_456204691","serverPageId":null,"sectionCount":1,"status":2,"backwardUrl":null},{"id":1019423345,"title":"Home","order":107,"templateKey":null,"customTemplate":false,"customTemplateFilename":null,"pageLinks":["399217257","41598176","456204691","1019423345","202845040"],"dateCreated":"2025-06-07T20:29:19.096Z","dateUpdated":"2025-06-09T00:05:46.894Z","folderId":217518507,"pageName":"Home_1019423345","serverPageId":null,"sectionCount":6,"status":2,"backwardUrl":null},{"id":399217257,"title":"Sobre_Nosotros","order":108,"templateKey":null,"customTemplate":false,"customTemplateFilename":null,"pageLinks":["399217257","1019423345","456204691","41598176"],"dateCreated":"2025-06-08T22:36:48.104Z","dateUpdated":"2025-06-09T00:30:35.657Z","folderId":217518507,"pageName":"Sobre_Nosotros_399217257","serverPageId":null,"sectionCount":6,"status":2,"backwardUrl":null}]